,precision,recall,f1-score,support
Low,1.0,0.9285714285714286,0.9629629629629629,14.0
Medium,0.8,0.9230769230769231,0.8571428571428571,13.0
High,0.9230769230769231,0.8571428571428571,0.8888888888888888,14.0
accuracy,0.9024390243902439,0.9024390243902439,0.9024390243902439,0.9024390243902439
macro avg,0.9076923076923077,0.9029304029304029,0.9029982363315696,41.0
weighted avg,0.9103189493433397,0.9024390243902439,0.904116660214221,41.0
